Clave,Título,Subtítulo,Párrafo 1,Párrafo 2,Párrafo 3,Etiqueta Superior,Activo,IMAGENES
eero,,,,,,,,
hero,xx,,,,,Promoción,checked,HeroImage
nosotros,Moncada,,"En NARA Capital creemos en espacios pensados para vivir con calma, luz y equilibrio. Moncada combina la tranquilidad de una zona residencial consolidada con una ubicación junto a la huerta valenciana, la cercanía a Valencia y todos los servicios del día a día. A pocos minutos de la ciudad, ofrece una forma de vida cómoda y conectada: comercios, zonas verdes, restauración, metro y acceso rápido a los principales puntos del área metropolitana.","La proximidad a la 
Universidad CEU Cardenal Herrera aporta además dinamismo, vida y una identidad propia a la zona, convirtiéndola en un entorno moderno y en constante evolución. NARA Moncada nace para integrarse en ese estilo de vida: arquitectura contemporánea, materiales cálidos y viviendas diseñadas para disfrutar de la luz, el entorno y las vistas abiertas a la huerta.",,La zona,checked,Nosotros – Alzado
proyecto,Diseño y Exclusividad,,,"Universidad CEU Cardenal Herrera aporta además dinamismo, vida y una identidad propia a la zona, convirtiéndola en un entorno moderno y en constante evolución. NARA Moncada nace para integrarse en ese estilo de vida: arquitectura contemporánea, materiales cálidos y viviendas diseñadas para disfrutar de la luz, el entorno y las vistas abiertas a la huerta.","El residencial comparte un diseño arquitectónico exclusivo, garantizando luz natural en los ~2,160 m² de superficie construida.",,checked,"Arquitectura contemporánea,Zonas comunes exclusivas,Terrazas y luz natural,Un nuevo residencial en Moncada,Viviendas pensadas para vivir"
amenidades,"Un lugar donde crecer, conectar y vivir experiencias",,"A pocos minutos de la ciudad, pegado a la huerta Valenciana, 
Moncada ofrece una forma de vida cómoda y conectada: comercios, zonas verdes, restauración, metro y acceso rápido a los principales puntos del área metropolitana.",,,,checked,Amenidades – Piscina
detalles,Espacios comunes Planta Baja,,,,,,checked,Detalles – Zonas comunes
propiedad,Tipologías de viviendas,¿Estás interesado?,Déjanos tus datos y nos pondremos en contacto contigo lo antes posible.,,,Ubicación de la promoción,checked,
galeria,Galería de imágenes,,,,,,checked,"Galería 1 – Render,Galería 2 – Alzado,Galería 3 – Alzado post.,Galería 4 – Patio,""Galería 5 – Salón, cocina, comedor"",""Galería 6 – Cocina, comedor"",Galería 7 – Dormitorio,Galería 8 – Baño"